t [s];P [Pa];Q [m^3/s];A [m^2];P_f [Pa];P_b [Pa];Q_f [m^3/s];Q_b [m^3/s]
0.0;13332.0;0.0;0.0029505243523804759;0.55521453388925246;0.00074516208636388193;5.3957235358843185e-07;-7.2416847220853419e-10
0.0033112582781456954;13332.555959695976;5.3884818511622331e-07;0.0029507102126124615;2.214466524293905;0.002828995127990952;2.1520778753503688e-06;-2.7492932305284582e-09
0.0066225165562913907;13334.217295519422;2.1493285821198404e-06;0.0029512656407423518;4.9593771637984361;0.0059600562679951175;4.8196555480254998e-06;-5.7921423019863987e-09
0.0099337748344370865;13336.965337220066;4.8138634057235134e-06;0.0029521844978827516;8.7594662214478571;0.0097612380040832392;8.5126838668595804e-06;-9.4862325146314943e-09
0.013245033112582781;13340.769227459452;8.5031976343449498e-06;0.0029534566329609802;13.572523964108854;0.013800003602142397;1.3190142282749583e-05;-1.3411213087946232e-08
0.016556291390728478;13345.586323967711;1.3176731069661638e-05;0.0029550680078674224;19.345126285959964;0.017756350289234391;1.880011181887188e-05;-1.7256096755736993e-08
0.019867549668874173;13351.362882636249;1.8782855722116143e-05;0.0029570009135119553;26.013283867654049;0.021319599125979138;2.528040594094619e-05;-2.0718957404296996e-08
0.023178807947019868;13358.03460346678;2.5259686983541892e-05;0.0029592341375571777;33.503215250347772;0.0242129310012551;3.2559321851281721e-05;-2.3530774809286514e-08
0.026490066225165563;13365.527428181349;3.2535791076472435e-05;0.0029617432145638695;41.73223113670641;0.026179869880859741;4.0556499876171986e-05;-2.5442298690054574e-08
0.029801324503311258;13373.758411006587;4.0531057577481928e-05;0.0029645006996506214;50.609716387785042;0.027069280792392902;4.9183877796770011e-05;-2.6306652034368422e-08
0.033112582781456956;13382.636785668577;4.9157571144735636e-05;0.0029674765077305049;60.038194570465748;0.026859523078208269;5.834672540479114e-05;-2.6102803869481602e-08
0.036423841059602648;13392.065054093544;5.8320622600921655e-05;0.0029706382607653631;69.914459687420702;0.025691983472398761;6.7944744348008955e-05;-2.4968157612576957e-08
0.039735099337748346;13401.940151670893;6.7919776190396378e-05;0.0029739516622056036;80.13075914659106;0.023862617285942633;7.7873217771667593e-05;-2.3190330558940436e-08
0.043046357615894038;13412.154621763877;7.7850027441108652e-05;0.0029773808767691702;90.576012381114396;0.021830738814777817;8.8024194605971497e-05;-2.1215696643446969e-08
0.046357615894039736;13422.597843119929;8.8002978909328044e-05;0.0029808889308086308;101.13704963294857;0.020215097646193669;9.8287693449184023e-05;-1.9645573286398597e-08
0.049668874172185427;13433.157264730595;9.8268047875897625e-05;0.0029844381185116539;111.69985613682039;0.01979565893780233;0.00010855291169891036;-1.923795151659172e-08
0.052980132450331126;13443.719651795758;0.00010853367374739377;0.0029879904154988552;122.15080754895958;0.021498623031725117;0.00011870942617482735;-2.0892937630510346e-08
0.056291390728476824;13454.172306171991;0.00011868853323719684;0.0029915078876892975;132.37788348920702;0.026376985046525192;0.00012864837247140865;-2.563386048692602e-08
0.059602649006622516;13464.404260474254;0.00012862273861092172;0.0029949530951532762;142.27184697950472;0.035579593510917107;0.00013826359116783231;-3.4577201854163529e-08
0.062913907284768214;13474.307426573016;0.00013822901396597816;0.0029982894843171176;151.72737868131014;0.0503177848232923;0.00014745273011027721;-4.8900170884647195e-08
0.066225165562913912;13483.777696466133;0.00014740382993939257;0.0030014817675332347;160.64415583025774;0.071825027865926927;0.00015611829294952484;-6.9801485672456006e-08
0.069536423841059597;13492.715980858124;0.00015604849146385241;0.0030044962846402182;168.92786686057997;0.10131387933535052;0.00016416862518014422;-9.84595412896629e-08
0.072847682119205295;13501.029180739915;0.00016407016563885459;0.0030073013443790079;176.49115369528832;0.1399280965664218;0.00017151882988332629;-1.359858717467859e-07
0.076158940397350994;13508.631081791855;0.00017138284401157955;0.0030098675416013452;183.25447469324121;0.18869418521587988;0.00017809160636195415;-1.8337806273250907e-07
0.079470198675496692;13515.443168878457;0.00017790822829922168;0.0030121680486583503;189.14688214850781;0.24847274985489776;0.00018381800573530769;-2.4147247281671618e-07
0.082781456953642391;13521.395354898363;0.00018357653326249101;0.0030141788783146421;194.10670913411147;0.31991345857616693;0.00018863809843220936;-3.1090046685083915e-07
0.086092715231788075;13526.426622592688;0.00018832719796535856;0.0030158791169972899;198.08216128374636;0.40341451580195553;0.00019250154930034667;-3.9204903055848185e-07
0.089403973509933773;13530.485575799548;0.00019210950026978823;0.0030172511265012252;201.03180989076205;0.49908966082952588;0.00019536809681306689;-4.8502869883359915e-07
0.092715231788079472;13533.530899551592;0.00019488306811423333;0.0030182807133067391;202.92498341650872;0.60674381199049776;0.00019720793354767533;-5.8964988608555642e-07
0.09602649006622517;13535.531727228499;0.00019661828366158982;0.0030189572643384431;203.74205519727263;0.72585969740532619;0.0001980019857867432;-7.0540989365081464e-07
0.099337748344370855;13536.467914894678;0.00019729657589309243;0.0030192738487366299;203.47462578428758;0.85559624663208922;0.00019774209072100595;-8.314913467461464e-07
0.10264900662251655;13536.33022203092;0.00019691059937425984;0.0030192272850094446;202.12559898765457;0.99479990888256964;0.00019643107035089102;-9.667731938241015e-07
0.10596026490066225;13535.120398896537;0.00019546429715706698;0.0030188181734023566;199.70915130213427;1.1420287207373576;0.00019408270177367394;-1.1098540962128684e-06
0.10927152317880795;13532.851180022872;0.00019297284767746112;0.0030180508932011445;196.25059500186444;1.2955888998926497;0.00019072158413526789;-1.2590879909092731e-06
0.11258278145695365;13529.546183901757;0.00018946249614435867;0.0030169335650070254;191.78613579187567;1.4535826685385587;0.00018638290310946879;-1.4126305666112071e-06
0.11589403973509933;13525.239718460414;0.00018497027254285763;0.0030154779779948343;186.36252651874014;1.6139657508156944;0.00018111209436469356;-1.5684951412896594e-06
0.11920529801324503;13519.976492269556;0.00017954359922340394;0.0030136994824128314;180.03661906770532;1.7746121812721896;0.00017496440808561283;-1.7246156447822095e-06
0.12251655629139073;13513.811231248977;0.00017323979244083067;0.003011616847640146;172.87481722474598;1.9333837956083642;0.00016800437724983827;-1.8789141517581005e-06
0.12582781456953643;13506.808201020354;0.00016612546309808024;0.0030092520863549662;164.95243396019083;2.0882013108125221;0.00016030519301894031;-2.0293699593001372e-06
0.12913907284768211;13499.040635271003;0.00015827582305964023;0.0030066302455294897;156.35295730633504;2.2371138259205736;0.00015194799129864976;-2.1740871296032656e-06
0.13245033112582782;13490.590071132256;0.00014977390416904654;0.0030037791652545486;147.16722975688069;2.3783635068116666;0.00014302105525725676;-2.311357352390787e-06
0.13576158940397351;13481.545593263692;0.00014070969790486602;0.0030007292066765372;137.49254691664299;2.5104424321269363;0.0001336189393692573;-2.4397151893024421e-06
0.13907284768211919;13472.00298934877;0.00013117922417995491;0.0029975129506930819;127.43168197594751;2.6321388957043439;0.00012384152137344368;-2.5579830718379333e-06
0.14238410596026491;13462.063820871652;0.00012128353830160582;0.0029941648694397885;117.09184347503461;2.7425709768523205;0.000113792989400441;-2.6653039258491169e-06
0.14569536423841059;13451.834414451887;0.00011112768547459195;0.0029907209730382959;106.58357475446476;2.8412058219632712;0.00010358077242913905;-2.7611599099307859e-06
0.1490066225165563;13441.424780576428;0.00010081961251920834;0.0029872184345359747;96.019604449250181;2.9278638207882111;9.3314423166099758e-05;-2.8453764740322371e-06
0.15231788079470199;13430.947468270038;9.0469046692067588e-05;0.0029836951964451542;85.513658363388686;3.0027076611402492;8.3104463393410757e-05;-2.9181117225265225e-06
0.15562913907284767;13420.516366024529;8.0186351670884302e-05;0.0029801895627664735;75.179244038121254;3.0662170507732114;7.3061202779569527e-05;-2.9798318482577091e-06
0.15894039735099338;13410.245461088894;7.0081370931311879e-05;0.0029767397808350732;65.128420276382883;3.1191506681341963;6.3293543070385772e-05;-3.0312741552585149e-06
0.16225165562913907;13400.247570944517;6.0262268915127315e-05;0.0029733836177446419;55.470564776029846;3.1624975778517097;5.3907780441949236e-05;-3.0733998430227721e-06
0.16556291390728478;13390.633062353882;5.0834380598926522e-05;0.0029701579364561971;46.31115381846277;3.1974208925269458;4.5006419569354156e-05;-3.1073392555278579e-06
0.16887417218543047;13381.50857471099;4.1899080313826356e-05;0.0029670982769715976;37.750568615362553;3.2251968275933507;3.6687013602484207e-05;-3.1343326531100215e-06
0.17218543046357615;13372.975765442956;3.3552680949374246e-05;0.0029642384481230947;29.88294338927242;3.2471524668735938;2.9041044699877221e-05;-3.1556697313712144e-06
0.17549668874172186;13365.130095856146;2.5885374968506068e-05;0.0029616101355890742;22.79507050762026;3.2646055123784894;2.2152860008639628e-05;-3.1726310684139877e-06
0.17880794701986755;13358.059676019999;1.8980228940225699e-05;0.0029592425316788346;16.565377960078401;3.2788090450263025;1.6098677949565777e-05;-3.1864344418350004e-06
0.18211920529801323;13351.844187005105;1.2912243507730835e-05;0.0029571619922330174;11.262994126684504;3.2909038903868466;1.0945679333747178e-05;-3.1981885364758132e-06
0.18543046357615894;13346.553898017071;7.7474907972714244e-06;0.0029553917256602801;6.9469140982522255;3.3018806051319838;6.7511971704221811e-06;-3.2088560018393222e-06
0.18874172185430463;13342.248794703384;3.5423411685829181e-06;0.0029539515186827832;3.6652807628361481;3.3125524227561858;3.5620180075482892e-06;-3.2192271600158275e-06
0.19205298013245034;13338.977833185592;3.4279084753252058e-07;0.0029528575028050156;1.4547924591650769;3.3235397778873219;1.4138062735427094e-06;-3.2299049659918683e-06
0.19536423841059603;13336.778332237052;-1.8160986924490996e-06;0.0029521219648700947;0.34024723442984928;3.3352663252315073;3.3066137479740712e-07;-3.2413011387565922e-06
0.19867549668874171;13335.675513559661;-2.9106397639591255e-06;0.0029517532043464019;0.19835976335888317;3.3477737850517135;1.9277133043179289e-07;-3.2534562231802168e-06
0.20198675496688742;13335.546133548411;-3.0606848927483646e-06;0.0029517099437661553;0.19837133025676779;3.3599099201031173;1.9278257145336641e-07;-3.2652504442491794e-06
0.20529801324503311;13335.55828125036;-3.0724678727957537e-06;0.0029517140055596667;0.1983825260541987;3.3716743819203212;1.9279345182896102e-07;-3.2766834633145094e-06
0.20860927152317882;13335.570056907975;-3.0838900114854889e-06;0.0029517179429564113;0.19839371919222226;3.3834532439017884;1.9280432961995401e-07;-3.2881304768450118e-06
0.2119205298013245;13335.581846963094;-3.0953261472249981e-06;0.0029517218851698437;0.19840529377380278;3.3956513640745545;1.928155781086585e-07;-3.2999849367148875e-06
0.21523178807947019;13335.594056657848;-3.1071693586061691e-06;0.0029517259676999836;0.19841711326449807;3.4081265239564837;1.9282706460642583e-07;-3.312108631193531e-06
0.2185430463576159;13335.606543637221;-3.1192815665870453e-06;0.002951730142948123;0.19842903313041571;3.4207272199789953;1.9283864865101183e-07;-3.3243543250551445e-06
0.22185430463576158;13335.619156253109;-3.1315156764040729e-06;0.0029517343602081087;0.19844093145681407;3.4333249610650003;1.9285021176325631e-07;-3.3365971472306635e-06
0.2251655629139073;13335.631765892522;-3.1437469354673472e-06;0.0029517385764758659;0.19845288255917337;3.4459985423332378;1.928618261647135e-07;-3.3489136729265209e-06
0.22847682119205298;13335.644451424892;-3.1560518467617475e-06;0.0029517428181228861;0.19846493751254202;3.458802572672667;1.9287354149069607e-07;-3.3613569725227353e-06
0.23178807947019867;13335.657267510185;-3.1684834310319793e-06;0.0029517471034258337;0.19847713476236239;3.4717785797576073;1.9288539510480227e-07;-3.373967403726677e-06
0.23509933774834438;13335.67025571452;-3.1810820086218148e-06;0.0029517514462832437;0.19848944177185857;3.4848927314879727;1.9289735538673357e-07;-3.3867120875972158e-06
0.23841059602649006;13335.68338217326;-3.1938147322104224e-06;0.0029517558353719352;0.1985018439292483;3.4981301142969023;1.9290940813481135e-07;-3.3995765307291088e-06
0.24172185430463577;13335.696631958226;-3.2066671225942378e-06;0.0029517602657004763;0.19851433227008397;3.5114817602596955;1.9292154463958939e-07;-3.4125520178554e-06
0.24503311258278146;13335.70999609253;-3.2196304732157511e-06;0.0029517647342673556;0.19852692265004035;3.524965226751839;1.9293378030785118e-07;-3.425655611701617e-06
0.24834437086092714;13335.723492149402;-3.2327218313937065e-06;0.0029517692469486294;0.19853962133160663;3.5385879051970477;1.9294612122673759e-07;-3.4388944954523667e-06
0.25165562913907286;13335.737127526529;-3.2459483742255696e-06;0.0029517738062179691;0.19855243235470854;3.5523548558729159;1.9295857132153313e-07;-3.4522735868201139e-06
0.25496688741721857;13335.750907288228;-3.2593150154985215e-06;0.0029517784137688434;0.19856535150560828;3.5662622981800927;1.929711264989316e-07;-3.4657892117188767e-06
0.25827814569536423;13335.764827649686;-3.2728180852198856e-06;0.0029517830683358317;0.19857837903552156;3.5803112460339905;1.9298378700096736e-07;-3.4794423554967019e-06
0.26158940397350994;13335.778889625069;-3.2864585684956751e-06;0.002951787770258155;0.19859151608645709;3.5945036919286335;1.9299655393940569e-07;-3.4932349545145761e-06
0.26490066225165565;13335.793095208015;-3.3002384005751109e-06;0.0029517925202025407;0.19860476645182468;3.6088445193277034;1.9300943099891337e-07;-3.5071717546514224e-06
0.26821192052980131;13335.80744928578;-3.3141623236524493e-06;0.002951797319803268;0.19861813209832779;3.6233366750500471;1.9302242009197095e-07;-3.5212556197059004e-06
0.27152317880794702;13335.821954807148;-3.3282331996138698e-06;0.0029518021700464508;0.19863161471018276;3.6379828298761363;1.9303552285520427e-07;-3.5354891452138616e-06
0.27483443708609273;13335.836614444586;-3.3424536223585976e-06;0.0029518070718258108;0.19864521523567769;3.6527848812332415;1.9304874021022816e-07;-3.5498741751459858e-06
0.27814569536423839;13335.851430096469;-3.3568254349356977e-06;0.0029518120257762443;0.19865893539261092;3.6677455913834285;1.9306207382662418e-07;-3.5644133939427061e-06
0.2814569536423841;13335.866404526776;-3.371351320116022e-06;0.0029518170328220821;0.19867277704440922;3.6828679114343155;1.9307552551407885e-07;-3.579109669568199e-06
0.28476821192052981;13335.881540688479;-3.3860341440540602e-06;0.0029518220939508538;0.19868674230479311;3.6981550989866854;1.9308909732827889e-07;-3.5939661678476661e-06
0.28807947019867547;13335.896841841291;-3.4008770705193273e-06;0.0029518272102526627;0.19870083304399189;3.713610181447959;1.9310279108596682e-07;-3.6089858308959217e-06
0.29139072847682118;13335.912311014492;-3.415883039809895e-06;0.0029518323827405634;0.19871505114610755;3.7292362346550099;1.9311660861830398e-07;-3.6241716478937563e-06
0.29470198675496689;13335.927951285801;-3.4310550392753926e-06;0.0029518376124438154;0.19872939847846571;3.7450363549596801;1.931305517405847e-07;-3.6395266279593925e-06
0.29801324503311261;13335.943765753438;-3.4463960762187479e-06;0.0029518429003985353;0.19874387706237751;3.7610138432125049;1.9314462241642912e-07;-3.6550539789470376e-06
0.30132450331125826;13335.959757720275;-3.4619093565305487e-06;0.0029518482477092784;0.19875848896364756;3.777172089306351;1.9315882265337287e-07;-3.6707569952452987e-06
0.30463576158940397;13335.97593057827;-3.4775981725918661e-06;0.002951853655510392;0.19877323630900356;3.7935145925654097;1.9317315451837795e-07;-3.686639077591294e-06
0.30794701986754969;13335.992287828874;-3.4934659230728561e-06;0.0029518591249728435;0.19878812122896994;3.8100448981595232;1.9318762008228977e-07;-3.7027036712763653e-06
0.31125827814569534;13336.008833019388;-3.5095160511940153e-06;0.0029518646572829345;0.19880314590594184;3.8267666554038327;1.9320222146520174e-07;-3.7189543228018848e-06
0.31456953642384106;13336.02556980131;-3.5257521013366231e-06;0.0029518702536618156;0.1988183125664984;3.843683607125377;1.9321696083275919e-07;-3.735394669549205e-06
0.31788079470198677;13336.042501919692;-3.5421777087163859e-06;0.0029518759153619283;0.19883362350600908;3.8607996214289653;1.9323184041342704e-07;-3.7520284706439364e-06
0.32119205298013243;13336.059633244935;-3.5587966302304493e-06;0.0029518816436776315;0.19884908106575327;3.8781186688189795;1.9324686248374884e-07;-3.7688595847297989e-06
0.32450331125827814;13336.076967749885;-3.5756127222459901e-06;0.0029518874399375485;0.1988646885517833;3.8956458542009207;1.9326203025727273e-07;-3.7858929728913149e-06
0.32781456953642385;13336.094510542753;-3.5926309426339821e-06;0.0029518933058499501;0.19888046329520637;3.9134021357344513;1.9327736057476008e-07;-3.803149002827265e-06
0.33112582781456956;13336.11228259903;-3.6098716422524448e-06;0.0029518992484287828;0.19889652771163613;3.9315272495612623;1.9329297240502536e-07;-3.8207634738645503e-06
0.33443708609271522;13336.130423777273;-3.627470501459465e-06;0.0029519053144399297;0.19891351465714813;3.9507396210071355;1.9330948077372648e-07;-3.8394345709745477e-06
0.33774834437086093;13336.149653135664;-3.6461250902007611e-06;0.0029519117443213981;0.19893385225287519;3.9738007702050799;1.9332924539362321e-07;-3.8618460133801619e-06
0.34105960264900664;13336.172734622458;-3.6685167679864788e-06;0.0029519194622805202;0.1989648022543915;4.0090041968552788;1.9335932343477954e-07;-3.8960576462050562e-06
0.3443708609271523;13336.20796899911;-3.702698322770217e-06;0.0029519312439274404;0.19902384580101051;4.0764810390183905;1.9341670353404183e-07;-3.9616334485589254e-06
0.34768211920529801;13336.275504884819;-3.7682167450248238e-06;0.0029519538265967296;0.19914533982855498;4.216604052325347;1.9353477468415028e-07;-4.0978087456148195e-06
0.35099337748344372;13336.415749392154;-3.90427397093061e-06;0.0029520007218721959;0.19938392262403615;4.4971216494334847;1.9376663583413723e-07;-4.3704232592050373e-06
0.35430463576158938;13336.696505572058;-4.1766566233708404e-06;0.0029520946028776898;0.19980605224408854;5.0135563776381105;1.9417687270433134e-07;-4.8723083590425052e-06
0.35761589403973509;13337.213362429882;-4.6781314863381138e-06;0.0029522674366066299;0.20046021636024691;5.8783619185846288;1.9481260691202156e-07;-5.7127495446435685e-06
0.36092715231788081;13338.078822134945;-5.5179369377314864e-06;0.0029525568522948617;0.20132463354280827;7.1993731640704572;1.9565267068044585e-07;-6.9965436518519948e-06
0.36423841059602646;13339.400697797613;-6.8008909811714884e-06;0.0029529989240030569;0.20224957368061713;9.054858313212609;1.9655155227754174e-07;-8.7997538127202759e-06
0.36754966887417218;13341.257107886893;-8.6032022604426732e-06;0.0029536198146480159;0.20292667729190872;11.47619531754173;1.9720957970171397e-07;-1.1152873960899997e-05
0.37086092715231789;13343.679121994834;-1.0955664381198222e-05;0.0029544299740347354;0.20290945108709235;14.446313915428723;1.9719283881407495e-07;-1.4039314758968187e-05
0.3741721854304636;13346.649223366516;-1.3842121920154051e-05;0.0029554236192813081;0.20167609546668541;17.913687910029637;1.9599423079121595e-07;-1.7409001668877939e-05
0.37748344370860926;13350.115364005496;-1.7213007438086662e-05;0.0029565834253504953;0.19869729714359896;21.813315982058128;1.9309935480348602e-07;-2.119876466770359e-05
0.38079470198675497;13354.012013279202;-2.1005665312900041e-05;0.0029578875556805408;0.1934769681341113;26.083507258553908;1.8802609926315075e-07;-2.5348650912920571e-05
0.38410596026490068;13358.276984226688;-2.5160624813657355e-05;0.0029593152854990477;0.18556572962455609;30.671785432089642;1.8033774580368922e-07;-2.980766252356921e-05
0.38741721854304634;13362.857351161714;-2.9627324777765458e-05;0.0029608489800453733;0.17457063212678325;35.530963079425803;1.6965241558848896e-07;-3.4529941497988642e-05
0.39072847682119205;13367.705533711553;-3.436028908240009e-05;0.0029624727830841018;0.16017987780989817;40.61169997332609;1.5566709513550898e-07;-3.9467537681938991e-05
0.39403973509933776;13372.771879851136;-3.9311870586803416e-05;0.0029641701313527337;0.14219998314347326;45.857715703934652;1.3819375196742481e-07;-4.4565756265840104e-05
0.39735099337748342;13377.999915687078;-4.4427562513872613e-05;0.0029659221592000049;0.12058888869024575;51.20585562675889;1.1719151159771868e-07;-4.976322187479026e-05
0.40066225165562913;13383.326444515449;-4.9646030363192475e-05;0.0029677077265296082;0.095472335961264365;56.589286663025341;9.2782572993098777e-08;-5.499498433293677e-05
0.40397350993377484;13388.684758998987;-5.4902201759943609e-05;0.0029695044912342386;0.06714365355246632;61.940875163226998;6.5252000739647362e-08;-6.0195801361740355e-05
0.40728476821192056;13394.008018816779;-6.0130549361000642e-05;0.0029712900397386864;0.036054672387389575;67.195078994759058;3.5038896229672289e-08;-6.5301977361409988e-05
0.41059602649006621;13399.231133667146;-6.526693846518025e-05;0.0029730425188391929;0.0028029975516858929;72.288533286451013;2.7240280899569247e-09;-7.0251932653126836e-05
0.41390728476821192;13404.291336284003;-7.0249208625036813e-05;0.0029747408297519499;-0.031885373097939818;77.160343677199478;-3.0987059519131207e-08;-7.4986488465919666e-05
0.41721854304635764;13409.128458304102;-7.5017475525438731e-05;0.0029763647234371006;-0.067181340608468032;81.752764995090388;-6.5288626029907956e-08;-7.9449526495212598e-05
0.42052980132450329;13413.685583654482;-7.9514815121242433e-05;0.002977895023466588;-0.10218631212389506;86.012237810616909;-9.9307394838369048e-08;-8.3588996253002376e-05
0.42384105960264901;13417.910051498493;-8.3688303647840666e-05;0.0029793139671242305;-0.13597083138482868;89.89040192709038;-1.3214009546108688e-07;-8.7357900004979841e-05
0.42715231788079472;13421.754431095706;-8.7490040100440849e-05;0.0029806055378284696;-0.16761393046605089;93.344812618558265;-1.6289170660195746e-07;-9.0714988829726392e-05
0.43046357615894038;13425.177198688092;-9.0877880536328263e-05;0.0029817556978796772;-0.19624030591350272;96.339343337926266;-1.9071158492368373e-07;-9.3625153981246223e-05
0.43377483443708609;13428.143103032013;-9.3815865566169827e-05;0.0029827525166024106;-0.22105397805181037;98.844389354737487;-2.1482617605820993e-07;-9.6059624789620048e-05
0.4370860927152318;13430.623335376686;-9.6274450965678178e-05;0.0029835862324310877;-0.24136752874513401;100.83695590344985;-2.3456742865220463e-07;-9.7996054325855299e-05
0.44039735099337746;13432.595588374705;-9.823062175450743e-05;0.0029842492770789856;-0.25662580225882148;102.30063922842689;-2.4939582749407506e-07;-9.9418500980905702e-05
0.44370860927152317;13434.044013426168;-9.9667896808399697e-05;0.0029847362648080401;-0.26642302985676447;103.22548289636768;-2.5891703565973134e-07;-0.00010031728882623902
0.44701986754966888;13434.959059866511;-0.00010057620586189866;0.0029850439411007739;-0.27051293383641872;103.60771599282907;-2.6289171388163886e-07;-0.00010068875318620859
0.45033112582781459;13435.337203058993;-0.00010095164490009013;0.0029851710930436891;-0.26881206567832261;103.44940869946173;-2.6123876465357797e-07;-0.00010053490591878551
0.45364238410596025;13435.180596633783;-0.00010079614468343901;0.0029851184332685995;-0.26139704671967645;102.75808590139118;-2.5403265064308021e-07;-9.9863059908863544e-05
0.45695364238410596;13434.496688854671;-0.00010011709255950653;0.0029848884709452847;-0.24849649485926473;101.54632660558619;-2.4149554884763485e-07;-9.8685439772300656e-05
0.46026490066225167;13433.297830110727;-9.892693532114819e-05;0.0029844853789891437;-0.23047843096491927;99.831363923254287;-2.2398511180149199e-07;-9.7018793108100555e-05
0.46357615894039733;13431.600885492289;-9.7242778219901947e-05;0.002983914862283932;-0.20783398540235676;97.634695415982591;-2.0197863314867189e-07;-9.4884011822352228e-05
0.46688741721854304;13429.42686143058;-9.5085990455500793e-05;0.0029831840300553912;-0.1811582506389342;94.981713159871219;-1.7605443968521355e-07;-9.2305772614652436e-05
0.47019867549668876;13426.800554909232;-9.2481827054337543e-05;0.0029823012753759153;-0.15112909742619673;91.901361129222508;-1.4687130436355195e-07;-8.9312204014393624e-05
0.47350993377483441;13423.750232031796;-8.9459075318757076e-05;0.0029812761641975121;-0.1184846889498743;88.425823078785356;-1.1514659393565959e-07;-8.5934583056375608e-05
0.47682119205298013;13420.307338389835;-8.6049729650311175e-05;0.0029801193348445525;-0.084000331217663371;84.590239264995873;-8.1633771543186974e-08;-8.2207059982917255e-05
0.48013245033112584;13416.506238933778;-8.2288693754460342e-05;0.0029788424072958873;-0.048465223313041816;80.432447140775835;-4.7099801993492102e-08;-7.816640624411491e-05
0.48344370860927155;13412.383981917463;-7.8213506046108302e-05;0.0029774579005268104;-0.01265962351716321;75.992739646741441;-1.2302961179022867e-08;-7.3851779598772143e-05
0.48675496688741721;13407.980080023224;-7.3864082559951059e-05;0.0029759791556845136;0.02266708310974086;71.313633884182437;2.2028478428046542e-08;-6.9304499304599063e-05
0.49006622516556292;13403.336300967292;-6.9282470826170903e-05;0.0029744202625964205;0.056816950040807557;66.439642132586812;5.5216233701097463e-08;-6.456782358691421e-05
0.49337748344370863;13398.496459082628;-6.4512607353213005e-05;0.0029727959868397539;0.08916221203306951;61.417036467649709;8.6650225564147363e-08;-5.9686720888119839e-05
0.49668874172185429;13393.506198679683;-5.9600070662555585e-05;0.0029711216943665735;0.119161751400646;56.293598020202722;1.158045813584129e-07;-5.4707626190815431e-05
0.5;13388.412759771603;-5.4591821609456915e-05;0.0029694132706071194;0.14637483304847554;51.118342359755388;1.4225098291437096e-07;-4.9678174138167083e-05
0.50331125827814571;13383.264717192804;-4.9535923155252605e-05;0.0029676870311225894;0.17047166009590886;45.941213506065054;1.6566892479135947e-07;-4.4646901666158098e-05
0.50662251655629142;13378.111685166161;-4.4481232741366628e-05;0.0029659596212205631;0.19124032599236362;40.812740547236714;1.8585247052895508e-07;-3.9662914295861311e-05
0.50993377483443714;13373.003980873229;-3.947706182533225e-05;0.0029642479024435146;0.20858978906404535;35.783652745759184;2.0271314338851677e-07;-3.4775512083174311e-05
0.51324503311258274;13367.992242534823;-3.4572798939785687e-05;0.0029625688244853715;0.22254857809102302;30.904451369982759;2.1627866840453199e-07;-3.0033773513188599e-05
0.51655629139072845;13363.126999948074;-2.981749484478396e-05;0.0029609392818926764;0.233259057293423;26.224939270526995;2.2668739893782568e-07;-2.5486098329937139e-05
0.51986754966887416;13358.45819832782;-2.5259410930999206e-05;0.0029593759558572447;0.24096723729877323;21.793712299236184;2.3417841470455614e-07;-2.1179713283718506e-05
0.52317880794701987;13354.034679536535;-2.0945534869013843e-05;0.0029578951424633062;0.24600831200401108;17.657619561609053;2.3907746611112073e-07;-1.7160147589952472e-05
0.52649006622516559;13349.903627873613;-1.6921070123841242e-05;0.0029565125697526002;0.24878832215551872;13.861198136574959;2.4177915442997461e-07;-1.347068357471921e-05
0.5298013245033113;13346.10998645873;-1.3228904420289126e-05;0.0029552432055549522;0.24976256890585646;10.446060714461847;2.4272595351364908e-07;-1.0151761564934204e-05
0.5331125827814569;13342.695823283368;-9.9090356114204452e-06;0.0029541010489786703;0.24941150664624412;7.450099743427371;2.4238478180790951e-07;-7.2402064565399203e-06
0.53642384105960261;13339.699511250074;-6.9978216747319006e-06;0.0029530988600552314;0.24821454000942267;4.9060850115935262;2.4122153757323887e-07;-4.7678648072610764e-06
0.53973509933774833;13337.154299551603;-4.5266432696877274e-06;0.0029522476860902665;0.24662123800599089;2.8388103614670088;2.3967312401524885e-07;-2.758831937266318e-06
0.54304635761589404;13335.085431599473;-2.5191588132509593e-06;0.0029515559021921402;0.24501880028970235;1.2597762749026624;2.3811583212657672e-07;-1.2242843228232063e-06
0.54635761589403975;13333.504795075192;-9.8616849069651966e-07;0.0029510274267588034;0.24369662253630442;0.15919780133450301;2.3683090437567392e-07;-1.547126869149807e-07
0.54966887417218546;13332.402894423871;8.211821746080301e-08;0.0029506590415080717;0.24281539898216209;-0.50268109911657188;2.3597450772509345e-07;4.8851895474475308e-07
0.55298013245033117;13331.740134299866;7.2449346246995633e-07;0.0029504374799262994;0.2423959036927904;-0.80027497942813108;2.3556683096843275e-07;7.777286576828739e-07
0.55629139072847678;13331.442120924265;1.0132954886514165e-06;0.0029503378563738481;0.24234174533624409;-0.83776001538959954;2.3551419842682282e-07;8.1415761954117313e-07
0.55960264900662249;13331.404581729947;1.0496718179681057e-06;0.0029503253074325791;0.24249483215796608;-0.73212682502272219;2.3566297229991972e-07;7.1150045611291103e-07
0.5629139072847682;13331.510368007135;9.4716342841294054e-07;0.002950360670694097;0.24270140011519614;-0.58835176479270412;2.3586372057301153e-07;5.7177600204968945e-07
0.56622516556291391;13331.654349635322;8.0763972262281072e-07;0.0029504088026080857;0.24285960979982818;-0.47691685100470577;2.3601747298182607e-07;4.6348056842078052e-07
0.56953642384105962;13331.765942758795;6.9949804140271633e-07;0.0029504461075724265;0.24293353695261799;-0.42435870496418726;2.3608931736899979e-07;4.1240315450514421e-07
0.57284768211920534;13331.818574831988;6.4849247187425375e-07;0.0029504637022654159;0.24293837739366381;-0.42090215145372195;2.3609402143890682e-07;4.0904398323184431e-07
0.57615894039735094;13331.82203622594;6.4513800467086087e-07;0.0029504648593975022;0.24291207540709409;-0.43968985141076272;2.3606846046453028e-07;4.2730237321489951e-07
0.57947019867549665;13331.803222223996;6.6337083367953954e-07;0.0029504585699441322;0.24288864088533757;-0.45640279053811594;2.3604568616815597e-07;4.4354445505926878e-07
0.58278145695364236;13331.786485850347;6.7959014122753448e-07;0.0029504529750400835;0.24288372533754654;-0.45990350949079539;2.3604090910770554e-07;4.4694654749193221e-07
0.58609271523178808;13331.782980215847;6.8298745659974749e-07;0.0029504518031208959;0.24289520477838317;-0.45173057337051409;2.3605206513537479e-07;4.3900386928599761e-07
0.58940397350993379;13331.791164631408;6.7505593442148214e-07;0.0029504545391377014;0.2429129813746353;-0.43906558544866242;2.3606934090808847e-07;4.2669569483402684e-07
0.5927152317880795;13331.803847395926;6.6276503574222505e-07;0.002950458778936758;0.24292873740018417;-0.42782817447585308;2.3608465303534554e-07;4.1577487789471786e-07
0.59602649006622521;13331.815100562924;6.5185953093017315e-07;0.0029504625408294516;0.24293991307392832;-0.419849974956023;2.360955138542335e-07;4.0802144993225244e-07
0.59933774834437081;13331.823089938118;6.4411696378659569e-07;0.0029504652116499022;0.24294819454840044;-0.4139339317053663;2.3610356201326354e-07;4.0227208065958703e-07
0.60264900662251653;13331.829014262843;6.3837564267296031e-07;0.002950467192131915;0.24295612890641782;-0.40826302616368226;2.3611127283464061e-07;3.9676094277827663e-07
0.60596026490066224;13331.834693102743;6.3287221561302698e-07;0.0029504690905497932;0.24296497500635555;-0.40193744259497904;2.3611986971139357e-07;3.9061357125679917e-07
0.60927152317880795;13331.841027532411;6.2673344096830248e-07;0.0029504712081299387;0.24297457450126736;-0.39506945673565885;2.3612919875764062e-07;3.8393907866279695e-07
0.61258278145695366;13331.847905117766;6.2006827742054732e-07;0.0029504735072862017;0.24298427069862782;-0.38812825362196901;2.3613862178216295e-07;3.7719343157987448e-07
0.61589403973509937;13331.854856017077;6.1333205336214717e-07;0.0029504758309520118;0.24299367088831353;-0.38139499898680701;2.3614775713812764e-07;3.7064987439795802e-07
0.61920529801324509;13331.861598671901;6.067976315361954e-07;0.002950478085003158;0.24300278768570177;-0.37486101062890748;2.3615661708622555e-07;3.6429996952060497e-07
0.62251655629139069;13331.868141777057;6.0045658660694026e-07;0.0029504802723462173;0.24301179565532416;-0.36840144340902858;2.3616537127194238e-07;3.580223890989441e-07
0.6258278145695364;13331.874610352246;5.9418776037099623e-07;0.0029504824347748992;0.24302080062686759;-0.36194048873095086;2.3617412254470052e-07;3.5174346030759239e-07
0.62913907284768211;13331.881080311896;5.8791758285240266e-07;0.002950484597667195;0.24302979411771586;-0.35548423432771481;2.3618286265993046e-07;3.4546909936949414e-07
0.63245033112582782;13331.88754555979;5.8165196202953434e-07;0.0029504867589851542;0.24303872644529989;-0.3490683730146088;2.3619154333483793e-07;3.3923399351840151e-07
0.63576158940397354;13331.893970353431;5.7542553685334918e-07;0.0029504889067801308;0.24304757331915727;-0.34271042767349003;2.3620014096402597e-07;3.3305517195947006e-07
0.63907284768211925;13331.900337145646;5.6925531292360578e-07;0.0029504910351861252;0.24305634411894955;-0.3364037486639469;2.3620866466185153e-07;3.2692617239510875e-07
0.64238410596026485;13331.906652595455;5.6313483705707002e-07;0.0029504931464292123;0.24306505658157662;-0.33013565746424289;2.3621713166639068e-07;3.2083467349746081e-07
0.64569536423841056;13331.912929399117;5.5705180516396124e-07;0.0029504952447537134;0.24307371771272068;-0.32390117303276589;2.362255487860887e-07;3.1477583455675136e-07
0.64900662251655628;13331.91917254468;5.5100138334294981e-07;0.0029504973318271112;0.24308232419904868;-0.31770273595030102;2.3623391279953483e-07;3.0875202739617505e-07
0.65231788079470199;13331.925379588249;5.4498594019581962e-07;0.0029504994068324025;0.24309087172708588;-0.31154351106130873;2.3624221951621089e-07;3.0276632769490633e-07
0.6556291390728477;13331.931547360666;5.3900854721122697e-07;0.0029505014687101301;0.24309936038416297;-0.3054234976855062;2.36250469020959e-07;2.9681873479185621e-07
0.65894039735099341;13331.937675862699;5.3306920381292496e-07;0.0029505035174605364;0.24310779337321509;-0.29934044604192422;2.3625866442505696e-07;2.9090706229104644e-07
0.66225165562913912;13331.943767347331;5.2716572671621314e-07;0.0029505055538367781;0.24311617359316878;-0.29329232233979602;2.3626680854723781e-07;2.8502933369866287e-07
0.66556291390728473;13331.949823851253;5.2129614224601042e-07;0.0029505075785197059;0.24312450218903098;-0.28727835368411064;2.362749024996455e-07;2.791847978952391e-07
0.66887417218543044;13331.955846148505;5.1545970039499434e-07;0.0029505095917680677;0.24313277938077416;-0.28129843443511426;2.3628294649628437e-07;2.7337335221700375e-07
0.67218543046357615;13331.961834344946;5.0965629871339787e-07;0.0029505115936172411;0.24314100571871028;-0.27535221874569077;2.3629094107216507e-07;2.6759466056026443e-07
0.67549668874172186;13331.967788786973;5.0388560163253924e-07;0.0029505135841830154;0.24314918252586626;-0.26943880105623408;2.3629888751235838e-07;2.6184784287862578e-07
0.67880794701986757;13331.97371038147;4.981467303910939e-07;0.0029505155637685491;0.24315731172291588;-0.2635568414680477;2.3630678768338795e-07;2.5613159702268844e-07
0.68211920529801329;13331.979600470255;4.9243838470618613e-07;0.0029505175328224014;0.24316539586530078;-0.25770453826279399;2.3631464406934885e-07;2.5044417203367046e-07
0.68543046357615889;13331.985460857602;4.8675881610312906e-07;0.0029505194919477291;0.24317343889499168;-0.25187908038174533;2.3632246050142732e-07;2.4478283604914201e-07
0.6887417218543046;13331.991294358513;4.8110529655067908e-07;0.0029505214420855771;0.24318144757805421;-0.24607560531458619;2.3633024355419736e-07;2.391428635522223e-07
0.69205298013245031;13331.997105842263;4.7547310710652938e-07;0.0029505233848637342;0.24318943329691831;-0.24028589328022681;2.3633800428992296e-07;2.3351626633899529e-07
0.69536423841059603;13332.002903540017;4.6985427062902797e-07;0.0029505253230338721;0.24319741378351614;-0.23449710288328973;2.3634575993986815e-07;2.278905647986222e-07
0.69867549668874174;13332.0087003109;4.6423632473860006e-07;0.0029505272608947941;0.24320541417081099;-0.22869099617384511;2.3635353493043282e-07;2.2224803480140591e-07
0.70198675496688745;13332.014514417997;4.5860156973194845e-07;0.0029505292045518532;0.24321346634667124;-0.22284439315245133;2.3636136025070745e-07;2.1656614940348475e-07
0.70529801324503316;13332.020369073194;4.5292750965430191e-07;0.0029505311617647957;0.24322160503902623;-0.21693200509133556;2.3636926964996881e-07;2.108203323421905e-07
0.70860927152317876;13332.026289599948;4.4718960199226903e-07;0.0029505331409992795;0.24322985830382238;-0.21093334010338036;2.3637729039420968e-07;2.0499066905234346e-07
0.71192052980132448;13332.0322965182;4.4136795944666286e-07;0.002950535149115154;0.24323822903461093;-0.20484616119859433;2.3638542529411368e-07;1.9907498556850678e-07
0.71523178807947019;13332.038392067836;4.3546041086273018e-07;0.0029505371868612444;0.24324666278533194;-0.1987099444687509;2.3639362143911339e-07;1.9311164581232844e-07
0.7185430463576159;13332.044536718317;4.2950526725155155e-07;0.0029505392410224909;0.24325499658623631;-0.19264324770766761;2.3640172044987626e-07;1.8721586742397807e-07
0.72185430463576161;13332.050611748879;4.2361758787396405e-07;0.0029505412719104496;0.24326288556405848;-0.18689736629308712;2.3640938717004555e-07;1.8163186598092893e-07
0.72516556291390732;13332.056365519271;4.180412531510842e-07;0.0029505431954015;0.24326971118960308;-0.18192350978516758;2.3641602049565248e-07;1.7679813901860542e-07
0.72847682119205293;13332.061346201404;4.1321415951436762e-07;0.002950544860448899;0.2432744869400949;-0.1784419132016499;2.3642066169808039e-07;1.734146302156849e-07
0.73178807947019864;13332.064832573738;4.09835291913875e-07;0.0029505460259472024;0.24327578967974697;-0.17749191082039506;2.364219277348428e-07;1.7249139245948226e-07
0.73509933774834435;13332.065783878859;4.0891332019443477e-07;0.0029505463439696449;0.24327175002938153;-0.18043800371074781;2.364180018944585e-07;1.7535448443149204e-07
0.73841059602649006;13332.062833746319;4.1177248632606026e-07;0.0029505453577368559;0.24326012524414722;-0.18891373871894823;2.364067046173126e-07;1.8359143070605508e-07
0.74172185430463577;13332.054346386525;4.199981353234774e-07;0.0029505425204033836;0.24323845419968446;-0.20470275944603405;2.3638564411603119e-07;1.9893562390436608e-07
0.74503311258278149;13332.038535694754;4.3532126802050699e-07;0.002950537234875822;0.24320426681656912;-0.22957707626800522;2.3635241990090494e-07;2.2310915116753492e-07
0.7483443708609272;13332.013627190549;4.5946157106854958e-07;0.0029505289079515143;0.24315530507803157;-0.26512499449077143;2.3630483757240871e-07;2.5765557012761797e-07
0.7516556291390728;13331.978030310587;4.9396040770013637e-07;0.002950517007918714;0.2430897188537709;-0.31259805515442585;2.3624109912309588e-07;3.0379116188696788e-07
0.75496688741721851;13331.930491663699;5.4003226101017344e-07;0.0029505011157920542;0.24300622193596783;-0.37279089341650129;2.3615995458213261e-07;3.6228817417293463e-07
0.75827814569536423;13331.870215328519;5.9844812875517694e-07;0.0029504809655292552;0.24290421590390876;-0.44595171199952749;2.3606082238814186e-07;4.3338781703864928e-07
0.76158940397350994;13331.796952503904;6.6944863942690084e-07;0.0029504564740006822;0.24278389659882044;-0.53171528639641463;2.3594389286515375e-07;5.1673515552652998e-07
0.76490066225165565;13331.711068610202;7.5267904839179342e-07;0.0029504277634183999;0.24264634711972827;-0.6290571705571415;2.3581021859826751e-07;6.1133460552836373e-07
0.76821192052980136;13331.613589176563;8.4714482412674088e-07;0.0029503951766708318;0.24249360286177257;-0.73627914424810048;2.3566177763695784e-07;7.1553579114204392e-07
0.77152317880794707;13331.506214458614;9.5119756877911145e-07;0.0029503592822016636;0.24232866273712061;-0.85104125741309655;2.3550148440650614e-07;8.2706468623314317e-07
0.77483443708609268;13331.391287405324;1.062566170639759e-06;0.0029503208632919498;0.24215542406809465;-0.97045028375744835;2.3533312642832824e-07;9.4310957600394329e-07
0.77814569536423839;13331.271705140311;1.1784427024323812e-06;0.0029502808884592801;0.24197853338121889;-1.0912017367088702;2.3516121932147645e-07;1.0604590719037983e-06
0.7814569536423841;13331.150776796672;1.2956202912253844e-06;0.0029502404639250271;0.24180316233515342;-1.2097605855019027;2.3499078904257878e-07;1.1756777363606829e-06
0.78476821192052981;13331.032042576833;1.4106685254033712e-06;0.0029502007731229576;0.24163473007789527;-1.3225597138508383;2.3482710206368112e-07;1.2852989502360393e-06
0.78807947019867552;13330.919075016227;1.5201260522998299e-06;0.0029501630102634763;0.24147859920137571;-1.426195096736508;2.3467536989655575e-07;1.3860145908495581e-06
0.79139072847682124;13330.815283502465;1.6206899607462233e-06;0.002950128314991112;0.24133977453169442;-1.5175997473164635;2.3454045636494822e-07;1.4748440782491108e-06
0.79470198675496684;13330.723740027215;1.7093845346141685e-06;0.0029500977141441137;0.24122263383738707;-1.5941823918100404;2.3442661590087324e-07;1.5492691431767825e-06
0.79801324503311255;13330.647040242027;1.7836957590777652e-06;0.0029500720753184184;0.24113071650605433;-1.6539212396494805;2.3433728817613487e-07;1.6073249554118196e-06
0.80132450331125826;13330.587209476857;1.8416622435880639e-06;0.0029500520754628416;0.2410665886619402;-1.695408724526744;2.3427496701994991e-07;1.6476436043181853e-06
0.80463576158940397;13330.545657864135;1.8819185713382447e-06;0.0029500381858883996;0.24103179130480468;-1.7178496492208486;2.3424115001615514e-07;1.6694522959408449e-06
0.80794701986754969;13330.523182142084;1.9036934459571097e-06;0.0029500306728792061;0.2410268644572906;-1.721021561320518;2.3423636197425295e-07;1.6725348450678454e-06
0.8112582781456954;13330.520005303137;1.906771207042208e-06;0.0029500296109510149;0.24105142917528666;-1.7052105751792492;2.3426023462491749e-07;1.6571693052918155e-06
0.81456953642384111;13330.535840853996;1.8914295399168426e-06;0.0029500349043335866;0.24110430428032792;-1.6711367196357954;2.3431162006828233e-07;1.6240554199208078e-06
0.81788079470198671;13330.569967584644;1.8583670399891996e-06;0.0029500463119630726;0.24118363693332823;-1.6198799839016234;2.3438871766485191e-07;1.5742427513952559e-06
0.82119205298013243;13330.621303653032;1.8086314690602173e-06;0.002950063472243419;0.24128703343680136;-1.5528130294690297;2.3448920115633522e-07;1.5090652889144639e-06
0.82450331125827814;13330.688474003968;1.7435544900709087e-06;0.0029500859255780568;0.24141168442342509;-1.4715416080766601;2.3461034032346894e-07;1.4300835450235706e-06
0.82781456953642385;13330.769870076347;1.6646938853471491e-06;0.0029501131343229485;0.24155448301471283;-1.3778511685268606;2.3474911581880645e-07;1.339032666685665e-06
0.83112582781456956;13330.863703314488;1.5737817825045812e-06;0.0029501445006682452;0.24171213495923549;-1.2736582230628994;2.3490232620054165e-07;1.2377751718261359e-06
0.83443708609271527;13330.968053911896;1.4726774980267872e-06;0.0029501793829264968;0.24188125836210661;-1.1609663318614931;2.350666848532068e-07;1.1282581738827842e-06
0.83774834437086088;13331.080914926501;1.3633248587361005e-06;0.0029502171102742955;0.24205847023632776;-1.0418272709943706;2.3523890409861473e-07;1.0124756437928608e-06
0.84105960264900659;13331.200231199242;1.2477145478915851e-06;0.0029502569957577051;0.24224045878970979;-0.91830731053324954;2.3541576544836727e-07;8.9243563815021253e-07
0.8443708609271523;13331.323933148256;1.1278514035986893e-06;0.002950298347585804;0.24242404306442955;-0.79245709057044689;2.3559417756322976e-07;7.7013102391528499e-07
0.84768211920529801;13331.449966952494;1.0057252014786242e-06;0.0029503404792184727;0.24260622345019883;-0.66628253835392681;2.3577122534142728e-07;6.4751121490983013e-07
0.85099337748344372;13331.576323685096;8.8328244025136689e-07;0.0029503827191043161;0.24278422634672725;-0.54171453674167602;2.3594421332349588e-07;5.2645269480786613e-07
0.85430463576158944;13331.701069689605;7.6239690813147148e-07;0.0029504244208352856;0.2429555441763116;-0.42057661469919849;2.3611070457822109e-07;4.0872761789520823e-07
0.85761589403973515;13331.822378929477;6.448383224735388e-07;0.0029504649739621274;0.24311796965518467;-0.30455177102985848;2.362685540082757e-07;2.9597156748227879e-07
0.86092715231788075;13331.938566198625;5.3224012149066397e-07;0.0029505038150987595;0.24326962261105986;-0.19515035996798788;2.3641593441250617e-07;1.8965234626313364e-07
0.86423841059602646;13332.048119262643;4.2606828067574929e-07;0.0029505404386700662;0.24340896909606788;-0.093680275484103487;2.3655135505873943e-07;9.1041000626416362e-08
0.86754966887417218;13332.149728693612;3.2759235568526527e-07;0.0029505744068893209;0.24353483471597145;-0.0012193309345565895;2.3667367463929116e-07;1.1849784573489216e-09
0.87086092715231789;13332.242315503781;2.3785865309674956e-07;0.0029506053590001398;0.24364641483612007;0.081410769880509187;2.3678211118814594e-07;-7.9117166484002474e-08
0.8741721854304636;13332.325057184717;1.5766494470425296e-07;0.0029506330199854523;0.24374328281856938;0.15366841225545957;2.3687625008732014e-07;-1.4933907852157004e-07
0.87748344370860931;13332.397411695074;8.7537171565859616e-08;0.0029506572085904949;0.24382539480122201;0.21531162916203128;2.3695604871169279e-07;-2.09245607618254e-07
0.88079470198675491;13332.459137023963;2.7710441093548304e-08;0.0029506778438662296;0.24389308761877743;0.26640951804713803;2.3702183440443967e-07;-2.5890390452170188e-07
0.88410596026490063;13332.510302605666;-2.188207011715267e-08;0.0029506949489879301;0.24394706622514106;0.30734181747328004;2.370742922596283e-07;-2.9868300933795453e-07
0.88741721854304634;13332.551288883698;-6.1608717078216675e-08;0.0029507086511111232;0.24398837784645133;0.33878399719804975;2.3711443999963418e-07;-3.2923936166759485e-07
0.89072847682119205;13332.582772375044;-9.2124921667851085e-08;0.0029507191763791683;0.24401837096437726;0.36167642874695471;2.3714358811487642e-07;-3.5148683974361975e-07
0.89403973509933776;13332.605694799711;-1.1434325162863374e-07;0.0029507268396028246;0.24403863768070572;0.377177130154009;2.3716328385289617e-07;-3.6655083650548981e-07
0.89735099337748347;13332.621215767835;-1.2938755265248405e-07;0.0029507320284421963;0.24405093853374643;0.38659845691160155;2.3717523815142455e-07;-3.7570673416719036e-07
0.90066225165562919;13332.630649395445;-1.3853149601565625e-07;0.0029507351822153742;0.2440571101627447;0.39132939340808559;2.3718123590582846e-07;-3.8030438495676078e-07
0.90397350993377479;13332.635386503571;-1.4312314905082276e-07;0.0029507367658872302;0.24405895864898541;0.39274698010249576;2.3718303231376726e-07;-3.816820336711873e-07
0.9072847682119205;13332.636805938751;-1.4449900135731051e-07;0.0029507372404214563;0.24405814496550005;0.39212289391348976;2.3718224155445092e-07;-3.8107552999874719e-07
0.91059602649006621;13332.636181038879;-1.4389328844418677e-07;0.0029507370315099198;0.24405607370030358;0.39053434596391945;2.3718022864325436e-07;-3.7953173655723138e-07
0.91390728476821192;13332.634590419664;-1.4235150791386749e-07;0.0029507364997468366;0.24405380164360568;0.38879205248484405;2.3717802059801334e-07;-3.7783852909309952e-07
0.91721854304635764;13332.632845854128;-1.4066050849497663e-07;0.0029507359165177076;0.24405198680433388;0.38740058911286251;2.3717625688880997e-07;-3.7648626772274438e-07
0.92052980132450335;13332.631452575917;-1.3931001083382488e-07;0.0029507354507281747;0.24405089660801046;0.38656482557816974;2.3717519740702062e-07;-3.7567405033680825e-07
0.92384105960264895;13332.630615722186;-1.384988529296781e-07;0.0029507351709580029;0.24405048234515236;0.38624726840610341;2.3717479481486997e-07;-3.7536543977188236e-07
0.92715231788079466;13332.630297750751;-1.3819064495690284e-07;0.0029507350646563678;0.24405050602559158;0.38626542064076608;2.3717481782805462e-07;-3.7538308059957383e-07
0.93046357615894038;13332.630315926666;-1.3820826277140962e-07;0.0029507350707327924;0.24405068407909492;0.38640190586958195;2.3717499086547796e-07;-3.7551572060049538e-07
0.93377483443708609;13332.630452589949;-1.3834072973490784e-07;0.0029507351164209539;0.24405080279086216;0.38649290411689829;2.3717510623309629e-07;-3.7560415513466314e-07
0.9370860927152318;13332.630543706908;-1.3842904890145727e-07;0.002950735146882438;0.24405077176933415;0.38646912441797676;2.3717507608533149e-07;-3.755810453861788e-07
0.94039735099337751;13332.630519896187;-1.3840596930073772e-07;0.0029507351389222313;0.24405061035271591;0.38634538976423188;2.3717491921655393e-07;-3.754607967360678e-07
0.94370860927152322;13332.630396000117;-1.3828587751940428e-07;0.0029507350975022995;0.24405039188162592;0.386177922123286;2.3717470689988269e-07;-3.7529804719692382e-07
0.94701986754966883;13332.630228314005;-1.3812334029693154e-07;0.0029507350414428373;0.24405018468266382;0.38601909730150114;2.3717450553863326e-07;-3.7514369698177537e-07
0.95033112582781454;13332.630069281984;-1.3796919144303255e-07;0.0029507349882765413;0.244050019648162;0.38589259474606419;2.3717434515363077e-07;-3.7502075841040231e-07
0.95364238410596025;13332.629942614394;-1.3784641325666201e-07;0.0029507349459300595;0.24404989120923948;0.38579414444942639;2.3717422033324961e-07;-3.7492508177547304e-07
0.95695364238410596;13332.629844035659;-1.377508614421139e-07;0.0029507349129740163;0.24404977790621546;0.38570729700589296;2.3717411022253785e-07;-3.7484068110413187e-07
0.96026490066225167;13332.629757074912;-1.3766657088148446e-07;0.0029507348839020045;0.24404966266239791;0.38561896250753114;2.3717399822495098e-07;-3.7475483527232269e-07
0.96357615894039739;13332.62966862517;-1.3758083704726215e-07;0.0029507348543322035;0.2440495408540565;0.38552559703897316;2.3717387984838162e-07;-3.7466410020953694e-07
0.9668874172185431;13332.629575137893;-1.3749022036104573e-07;0.0029507348230782961;0.24404941673000335;0.38543045720095992;2.371737592218274e-07;-3.7457164076747984e-07
0.9701986754966887;13332.629479873931;-1.3739788154554283e-07;0.002950734791230421;0.24404929591458135;0.38533785417297317;2.3717364180958935e-07;-3.7448164666424625e-07
0.97350993377483441;13332.629387150087;-1.3730800485454728e-07;0.0029507347602317391;0.24404918083113994;0.38524964590125699;2.3717352996912924e-07;-3.7439592350414077e-07
0.97682119205298013;13332.629298826732;-1.3722239353490192e-07;0.002950734730704192;0.24404907072713616;0.38516525465424922;2.3717342296681929e-07;-3.7431390982987239e-07
0.98013245033112584;13332.629214325381;-1.3714048686294352e-07;0.0029507347024543868;0.24404896395592643;0.38508341873224505;2.3717331920404502e-07;-3.7423437948951552e-07
0.98344370860927155;13332.629132382688;-1.3706106028536092e-07;0.0029507346750599706;0.24404885970283383;0.38500351294289914;2.3717321788791284e-07;-3.7415672490323648e-07
0.98675496688741726;13332.629052372646;-1.3698350701521405e-07;0.0029507346483116635;0.2440487581373052;0.38492566766745318;2.371731191838708e-07;-3.7408107277979282e-07
0.99006622516556286;13332.628974425805;-1.3690795359581246e-07;0.0029507346222531093;0.24404865970047313;0.38485022091685689;2.3717302352008147e-07;-3.7400775160673615e-07
0.99337748344370858;13332.628898880617;-1.3683472808654513e-07;0.0029507345969974562;0.24404856454718221;0.38477729141813716;2.3717293104789279e-07;-3.7393687676703669e-07
0.99668874172185429;13332.628825855965;-1.3676394571903431e-07;0.0029507345725844482;0.24404847252694875;0.38470676348671351;2.3717284161942954e-07;-3.7386833583368968e-07
